title,company,location,link
"Intern, Software Engineer",Autodesk,California,https://www.indeed.com/q-software-engineer-jobs.html?vjk=fea425570c4d9244
Software Engineer Intern,Netflix,"Los Gatos, CA",https://www.indeed.com/q-software-engineer-jobs.html?vjk=4037101596f8fdd6
"Software Engineer, Intern/Co-op",Facebook,"Northridge, CA",https://www.indeed.com/q-software-engineer-jobs.html?vjk=9af99c010bd44925
"Virtual Software Engineer Intern, Summer 2021",AT&T,"New York, NY",https://www.indeed.com/q-software-engineer-jobs.html?vjk=2e08a68ecdb81810
Software Engineer Intern (Summer 2021) - Remote,Dremio,California,https://www.indeed.com/q-software-engineer-jobs.html?vjk=d5d8b4bd8bc595be
Software Engineer Intern,Intuit,"San Diego, CA",https://www.indeed.com/q-software-engineer-jobs.html?vjk=6b33cd5b8f6460f0
Software Engineer Intern,Apple,"Sacramento, CA",https://www.indeed.com/q-software-engineer-jobs.html?vjk=2baa020859b4a212
Intern - INFORMATION TECHNOLOGY - Software Engineer Intern,BNP Paribas,California,https://www.indeed.com/q-software-engineer-jobs.html?vjk=0978877246f3a073
Software Development Engineer Internship - Summer 2021 (US),Amazon.com Services LLC,"Seattle, WA",https://www.indeed.com/q-software-engineer-jobs.html?vjk=0e2b1a3d06d43f93
"Software Development Engineer Intern, Summer 2021",MasterCard,"San Francisco, CA",https://www.indeed.com/q-software-engineer-jobs.html?vjk=911ffd7ea8093ce4
Software Engineer Intern (Summer 2021),"Alteryx, Inc.","Broomfield, CO",https://www.indeed.com/q-software-engineer-jobs.html?vjk=0464dacdd987f0e4
"Software Engineer Intern (Brea, CA - Summer 2021)",Garmin,"Brea, CA",https://www.indeed.com/q-software-engineer-jobs.html?vjk=1ef18aaeaba0dad3
Software Engineer Intern,PayPal,"San Francisco, CA",https://www.indeed.com/q-software-engineer-jobs.html?vjk=2fbc8c1ec8241633
"Launch Internship, Summer 2021 - Location Flexible",Dropbox,California,https://www.indeed.com/q-software-engineer-jobs.html?vjk=c95324f57292851a
Summer 2021 Internship - Software Engineer (Remote),Coinbase,"San Francisco, CA",https://www.indeed.com/q-software-engineer-jobs.html?vjk=13cec85cfbc5f670
Internship-Software Engineering-Summer 2021,General Atomics and Affiliated Companies,"San Diego, CA",https://www.indeed.com/q-software-engineer-jobs.html?vjk=44dcde55fdbab10b
Intern - Software Engineer,Toshiba International Corporation,"Houston, TX",https://www.indeed.com/q-software-engineer-jobs.html?vjk=0e365e2cb6e6f00f
Software Engineer - Master's (Intern) - United States,Cisco Systems,"San Jose, CA",https://www.indeed.com/q-software-engineer-jobs.html?vjk=50391d8d2da70070
Software Engineer Summer Intern,Intevac,"Santa Clara, CA",https://www.indeed.com/q-software-engineer-jobs.html?vjk=91914efa58793821
Software Engineer Intern (Summer 2021),Splunk,"Seattle, WA",https://www.indeed.com/q-software-engineer-jobs.html?vjk=23a78910694eb6b2
Software Engineering Intern - Summer 2021,Bloomreach,California,https://www.indeed.com/q-software-engineer-jobs.html?vjk=7cb5ab88ba6e19b4
Software Engineer - Intern,"Ironclad, Inc.","San Francisco, CA",https://www.indeed.com/q-software-engineer-jobs.html?vjk=43b2249bce4c210f
"2021 Intern, Software Engineer, Compute Systems",Waymo,Remote,https://www.indeed.com/q-software-engineer-jobs.html?vjk=088c8fcb7ff81811
"Intern, Software Engineer",Arm,"Boston, MA",https://www.indeed.com/q-software-engineer-jobs.html?vjk=eba689bd209b291b
"DMED Technology Software Engineer Intern - Remote, Summer 2021",Disney Media & Entertainment Distribution,United States,https://www.indeed.com/q-software-engineer-jobs.html?vjk=625b68b9f4c7e65c
"Intern, Software Engineering",EDF Renewables,"San Diego, CA",https://www.indeed.com/q-software-engineer-jobs.html?vjk=f1839403292cd9ae
Software Engineer - Intern,Platform9 Systems,"Mountain View, CA",https://www.indeed.com/q-software-engineer-jobs.html?vjk=63779bd0580f57bd
Python Developer Intern,OXO Solutions,"Ruby, SC",https://www.indeed.com/q-software-engineer-jobs.html?vjk=84a541c104b5b24c
Software Engineer Intern,The Scotts Miracle-Gro Company,"Marysville, OH",https://www.indeed.com/q-software-engineer-jobs.html?vjk=43e48b644df99c8c
Software Engineer Intern,Blend Labs,"San Francisco, CA",https://www.indeed.com/q-software-engineer-jobs.html?vjk=a5a664fe7f6a390c
Software Engineer Intern,Informatica,"Redwood City, CA",https://www.indeed.com/q-software-engineer-jobs.html?vjk=bb599e6886121cfa
Software Engineer Intern-Simulator,Xilinx,"San Jose, CA",https://www.indeed.com/q-software-engineer-jobs.html?vjk=00b5b91ad11d10b8
Software Engineer - Intern,Envistacom,"Frederick, MD",https://www.indeed.com/q-software-engineer-jobs.html?vjk=81c187fcd4529a78
Software Engineering Intern,Hewlett Packard Enterprise,"San Jose, CA",https://www.indeed.com/q-software-engineer-jobs.html?vjk=1961e1d473a71991
2021 Software Engineer Program - Summer Internship Opportunity,Bank of the West,"Tempe, AZ",https://www.indeed.com/q-software-engineer-jobs.html?vjk=6f0b7c52af5f94c4
Systems Software Engineering Intern at Vertica (U.S. - REMOTE),Micro Focus,California,https://www.indeed.com/q-software-engineer-jobs.html?vjk=a56fadd554fb1081
"Software Engineering Intern, Summer 2021",Trimble,"Westminster, CO",https://www.indeed.com/q-software-engineer-jobs.html?vjk=c7d6aaee173a6bc7
Software Engineering - INTERN,HEICO,"Santa Barbara, CA",https://www.indeed.com/q-software-engineer-jobs.html?vjk=88ce5b2bca456a05
Software Engineer Internship,Higharc,Remote,https://www.indeed.com/q-software-engineer-jobs.html?vjk=8c5d2229e9fcec23
Summer Software Engineering Intern,Attentive Mobile,"New York, NY",https://www.indeed.com/q-software-engineer-jobs.html?vjk=cdefe4de6e971147
Remote Software Design Engineer Internship,TWG Companies,"Jersey City, NJ",https://www.indeed.com/q-software-engineer-jobs.html?vjk=b061edd2b8932a6a
"High School Intern - Software/DevOps, Training & Logistics",LOCKHEED MARTIN CORPORATION,"Orlando, FL",https://www.indeed.com/q-software-engineer-jobs.html?vjk=9f5b5bd2f4adddd4
"Intern - Member of Technical Staff - VCF Engineering - Opportunity for Working Remotely Palo Alto, CA",VMware System Engineering,"Palo Alto, CA",https://www.indeed.com/q-software-engineer-jobs.html?vjk=5df3f1e5e018a9fe
Software Engineer Summer Internship 2021,Interactive Brokers,"Greenwich, CT",https://www.indeed.com/q-software-engineer-jobs.html?vjk=d66a9abb121400c5
"Software Engineer Intern, Zoro",Zoro Tools,"Chicago, IL",https://www.indeed.com/q-software-engineer-jobs.html?vjk=16e3804aeb17284c
Internship - Software Engineer,Intelligent Medical Objects,"Rosemont, IL",https://www.indeed.com/q-software-engineer-jobs.html?vjk=438061368436a320
Intern- Software Developer Spring 2021,Edupoint,"Mesa, AZ",https://www.indeed.com/q-software-engineer-jobs.html?vjk=40f5e010f476a2f1
Intern - Software Engineering (Remote),Progressive Leasing,"Draper, UT",https://www.indeed.com/q-software-engineer-jobs.html?vjk=061767ca99c2e9cf
Pathfinder Intern - Dev Ops Software Engineer Intern,Electronic Arts,"Seattle, WA",https://www.indeed.com/q-software-engineer-jobs.html?vjk=00031ef06173c50e
Embedded Software Intern,Sofar Ocean,"San Francisco, CA",https://www.indeed.com/q-software-engineer-jobs.html?vjk=ac94b9aadca5f19f
Gaming Software Product Intern,Logitech,"Newark, CA",https://www.indeed.com/q-software-engineer-jobs.html?vjk=17af29e71391cb68
"Software Engineer Intern, VMSSP",Verizon Media,"Baltimore, MD",https://www.indeed.com/q-software-engineer-jobs.html?vjk=86565d5df81dcdd8
"Software Intern, Aerial 5G",NVIDIA,California,https://www.indeed.com/q-software-engineer-jobs.html?vjk=da2400d2b90c15db
Software Engineer Intern,KBR,"Sioux Falls, SD",https://www.indeed.com/q-software-engineer-jobs.html?vjk=3111d8253ae72613
Software Engineer Interns – Summer 2021,Voloridge Investment Management,"Jupiter, FL",https://www.indeed.com/q-software-engineer-jobs.html?vjk=2859ce1e1baa4429
Engineering Intern - Software,Kratos Defense,"Roseville, CA",https://www.indeed.com/q-software-engineer-jobs.html?vjk=ca7ecbdcec07e9f0
Algorithm Software Engineering Intern,SLEEP NUMBER,"San Jose, CA",https://www.indeed.com/q-software-engineer-jobs.html?vjk=05453795e8401fd4
Software Engineering Intern (Timing Model),Xilinx,"San Jose, CA",https://www.indeed.com/q-software-engineer-jobs.html?vjk=b99f72116c3f79c6
Software Development Intern,XPO Logistics,"Boston, MA",https://www.indeed.com/q-software-engineer-jobs.html?vjk=b77ceb96907ab35d
2021 Summer Intern Program – Software Development,Servco Pacific Inc.,"Honolulu, HI",https://www.indeed.com/q-software-engineer-jobs.html?vjk=b7b14c4d3c8100b2
Software Engineering Intern,Peeva,Remote,https://www.indeed.com/q-software-engineer-jobs.html?vjk=f4e36ea41da94852
"Intern, Software Engineering - Microservices (Summer 2021)",CalAmp,"Irvine, CA",https://www.indeed.com/q-software-engineer-jobs.html?vjk=b0af42363e60e879
Web Development Internship,Active LAMP,"Los Angeles, CA",https://www.indeed.com/q-software-engineer-jobs.html?vjk=056dd61ba20269e3
Software Development Intern,Sparklight,"Phoenix, AZ",https://www.indeed.com/q-software-engineer-jobs.html?vjk=4234cc57973f7f3b
Intern M Software Engineering,Juniper Networks,"Sunnyvale, CA",https://www.indeed.com/q-software-engineer-jobs.html?vjk=32892ac7e4e93231
Summer 2021 IoT Software Intern,"ClearBlade, Inc","Austin, TX",https://www.indeed.com/q-software-engineer-jobs.html?vjk=7d61e4a067339018
"Intern, Electronics / Software 2021 Job",AGCO,"Hesston, KS",https://www.indeed.com/q-software-engineer-jobs.html?vjk=0552012bc17269da
2021 Summer Intern,The Washington Post,"Washington, DC",https://www.indeed.com/q-software-engineer-jobs.html?vjk=243076377ec43450
Software Engineering Intern (ServiceNow),Serco North America,"Washington, DC",https://www.indeed.com/q-software-engineer-jobs.html?vjk=6366b03f63bae6e4
Software Engineer (Backend) - Intern,Cowbell Cyber,"Plano, TX",https://www.indeed.com/q-software-engineer-jobs.html?vjk=0f37bc898128c0b4
Software Engineering - Summer Intern,Bill.com,"San Jose, CA",https://www.indeed.com/q-software-engineer-jobs.html?vjk=dd203cf34338075b
SAP Ariba iXp Intern - Software Developer,SAP,"Palo Alto, CA",https://www.indeed.com/q-software-engineer-jobs.html?vjk=643bb95116e0858f
Video Software Engineer Intern (Summer 2021),Dolby,"Sunnyvale, CA",https://www.indeed.com/q-software-engineer-jobs.html?vjk=a92828366591fe7b
Software Engineer Internship for Workstations for Linux OS,HP,"Fort Collins, CO",https://www.indeed.com/q-software-engineer-jobs.html?vjk=a17915ce25164e30
Software Engineer Intern,Recondo Technology,"Denver, CO",https://www.indeed.com/q-software-engineer-jobs.html?vjk=0c42a51693f3d4f5
